ImageId,PredictedLabel,TrueLabel
1,13,13
2,29,29
3,32,32
4,1,1
5,5,5
6,28,28
7,3,3
8,28,28
9,33,33
10,16,16
11,23,23
12,15,15
13,5,5
14,4,4
15,24,24
16,22,22
17,5,5
18,15,15
19,15,15
20,2,2
21,7,7
22,34,34
23,1,1
24,9,9
25,33,33
26,5,5
27,8,8
28,22,22
29,14,14
30,11,11
31,22,22
32,27,27
33,23,23
34,26,26
35,19,19
36,4,4
37,32,32
38,22,22
39,0,0
40,0,0
41,16,16
42,9,9
43,34,34
44,18,18
45,8,8
46,34,34
47,5,5
48,1,1
49,22,22
50,2,2
51,9,9
52,32,32
53,20,20
54,11,11
55,2,2
56,14,14
57,28,28
58,6,6
59,28,28
60,4,4
61,1,1
62,25,25
63,14,14
64,32,32
65,26,26
66,1,1
67,21,21
68,2,2
69,16,16
70,2,2
71,25,25
72,15,15
73,2,2
74,3,3
75,15,15
76,30,30
77,14,14
78,26,26
79,21,21
80,14,14
81,15,15
82,31,31
83,12,12
84,11,11
85,4,4
86,1,1
87,10,10
88,1,1
89,9,9
90,21,21
91,21,21
92,9,9
93,7,7
94,15,15
95,11,11
96,2,2
97,3,3
98,19,19
99,30,30
100,0,0
101,7,7
102,7,7
103,25,25
104,27,27
105,31,31
106,17,17
107,1,1
108,21,21
109,17,17
110,25,25
111,20,20
112,17,17
113,31,31
114,30,30
115,7,7
116,7,7
117,8,8
118,28,28
119,27,27
120,32,32
121,16,16
122,32,32
123,33,33
124,26,26
125,15,15
126,2,2
127,5,5
128,18,18
129,4,4
130,33,33
131,10,10
132,26,26
133,23,23
134,1,1
135,33,33
136,8,8
137,19,19
138,24,24
139,8,8
140,20,20
141,21,21
142,30,30
143,26,26
144,2,2
145,20,20
146,23,23
147,10,10
148,12,12
149,15,15
150,17,17
151,16,16
152,20,20
153,25,25
154,28,28
155,3,3
156,27,27
157,30,30
158,4,4
159,0,0
160,30,30
161,16,16
162,29,29
163,14,14
164,12,12
165,33,33
166,33,33
167,4,4
168,15,15
169,29,29
170,2,2
171,30,30
172,18,18
173,10,10
174,7,7
175,20,20
176,14,14
177,1,1
178,13,13
179,4,4
180,14,14
181,12,12
182,20,20
183,33,33
184,18,18
185,29,29
186,17,17
187,23,23
188,8,8
189,8,8
190,0,0
191,26,26
192,27,27
193,33,33
194,9,9
195,11,11
196,1,1
197,16,16
198,12,12
199,4,4
200,26,26
201,33,33
202,6,6
203,34,34
204,14,14
205,0,0
206,19,19
207,33,33
208,8,8
209,9,9
210,11,11
211,31,31
212,22,22
213,23,23
214,19,19
215,33,33
216,31,31
217,1,1
218,30,30
219,13,13
220,28,28
221,22,22
222,4,4
223,34,34
224,22,22
225,6,6
226,8,8
227,30,30
228,12,12
229,28,28
230,17,17
231,0,0
232,22,22
233,2,2
234,33,33
235,8,8
236,10,10
237,11,11
238,23,23
239,3,3
240,26,26
241,33,33
242,33,33
243,28,28
244,29,29
245,23,23
246,34,34
247,32,32
248,14,14
249,27,27
250,28,28
251,32,32
252,17,17
253,5,5
254,11,11
255,20,20
256,30,30
257,26,26
258,16,16
259,28,28
260,31,31
261,27,27
262,6,6
263,6,6
264,25,25
265,18,18
266,2,2
267,23,23
268,12,12
269,21,21
270,34,34
271,23,23
272,13,13
273,11,11
274,1,1
275,19,19
276,23,23
277,13,13
278,7,7
279,5,5
280,32,32
281,1,1
282,32,32
283,5,5
284,28,28
285,8,8
286,26,26
287,22,22
288,31,31
289,3,3
290,9,9
291,24,24
292,29,29
293,11,11
294,3,3
295,14,14
296,34,34
297,33,33
298,23,23
299,20,20
300,0,0
301,33,33
302,25,25
303,2,2
304,13,13
305,32,32
306,12,12
307,14,14
308,0,0
309,15,15
310,23,23
311,29,29
312,5,5
313,6,6
314,32,32
315,30,30
316,3,3
317,34,34
318,25,25
319,18,18
320,3,3
321,14,14
322,13,13
323,27,27
324,1,1
325,8,8
326,16,16
327,16,16
328,16,16
329,18,18
330,23,23
331,11,11
332,26,26
333,4,4
334,26,26
335,6,6
336,12,12
337,24,24
338,22,22
339,28,28
340,33,33
341,8,8
342,21,21
343,28,28
344,26,26
345,19,19
346,11,11
347,1,1
348,23,23
349,6,6
350,4,4
351,30,30
352,13,13
353,7,7
354,6,6
355,21,21
356,25,25
357,33,33
358,23,23
359,0,0
360,9,9
361,6,6
362,27,27
363,34,34
364,26,26
365,7,7
366,16,16
367,23,23
368,8,8
369,18,18
370,28,28
371,2,2
372,8,8
373,29,29
374,34,34
375,2,2
376,29,29
377,14,14
378,20,20
379,33,33
380,15,15
381,6,6
382,8,8
383,23,23
384,5,5
385,25,25
386,12,12
387,13,13
388,8,8
389,24,24
390,33,33
391,6,6
392,3,3
393,33,33
394,33,33
395,34,34
396,11,11
397,10,10
398,34,34
399,7,7
400,25,25
401,34,34
402,32,32
403,27,27
404,5,5
405,25,25
406,3,3
407,11,11
408,22,22
409,12,12
410,23,23
411,31,31
412,14,14
413,30,30
414,26,26
415,32,32
416,1,1
417,9,9
418,17,17
419,23,23
420,2,2
421,4,4
422,34,34
423,8,8
424,19,19
425,15,15
426,3,3
427,2,2
428,2,2
429,19,19
430,3,3
431,25,25
432,21,21
433,22,22
434,14,14
435,7,7
436,7,7
437,24,24
438,23,23
439,0,0
440,5,5
441,18,18
442,23,23
443,0,0
444,34,34
445,17,17
446,19,19
447,17,17
448,13,13
449,32,32
450,6,6
451,31,31
452,20,20
453,21,21
454,11,11
455,20,20
456,25,25
457,23,23
458,16,16
459,19,19
460,20,20
461,22,22
462,21,21
463,23,23
464,14,14
465,26,26
466,13,13
467,29,29
468,30,30
469,7,7
470,13,13
471,33,33
472,24,24
473,7,7
474,17,17
475,27,27
476,17,17
477,28,20
478,29,29
479,23,23
480,3,3
481,7,7
482,25,25
483,24,24
484,32,32
485,7,7
486,22,22
487,14,14
488,4,4
489,16,16
490,10,10
491,7,7
492,13,13
493,29,29
494,20,20
495,3,3
496,1,1
497,32,32
498,16,16
499,16,16
500,7,7
501,9,9
502,20,20
503,12,12
504,14,14
505,0,0
506,2,2
507,28,28
508,30,30
509,19,19
510,27,27
511,24,24
512,34,34
513,17,17
514,27,27
515,33,33
516,4,4
517,7,7
518,3,3
519,5,5
520,20,20
521,25,25
522,6,6
523,21,21
524,28,28
525,18,18
526,7,7
527,19,19
528,1,1
529,28,28
530,8,8
531,3,3
532,22,22
533,3,3
534,31,31
535,25,25
536,4,4
537,12,12
538,8,8
539,14,14
540,34,34
541,9,9
542,7,7
543,26,26
544,31,31
545,20,20
546,7,7
547,5,5
548,18,18
549,8,8
550,27,27
551,9,9
552,0,0
553,5,5
554,4,4
555,23,23
556,11,11
557,25,25
558,13,13
559,7,7
560,15,15
561,13,13
562,33,33
563,32,32
564,10,32
565,7,7
566,13,13
567,1,1
568,26,26
569,20,20
570,13,13
571,6,6
572,21,21
573,10,10
574,8,8
575,27,27
576,14,14
577,25,25
578,17,17
579,15,15
580,3,3
581,4,4
582,23,25
583,13,13
584,1,1
585,27,27
586,21,21
587,12,12
588,18,18
589,20,20
590,5,5
591,24,24
592,23,23
593,17,17
594,23,23
595,0,0
596,13,13
597,19,19
598,29,29
599,23,23
600,13,13
601,22,22
602,30,30
603,21,21
604,3,3
605,16,16
606,4,4
607,28,28
608,4,4
609,9,9
610,20,20
611,21,21
612,1,1
613,6,6
614,32,32
615,8,8
616,18,18
617,22,22
618,32,32
619,11,11
620,13,13
621,27,27
622,21,21
623,27,27
624,26,26
625,15,15
626,26,26
627,13,13
628,20,20
629,20,20
630,20,20
631,21,21
632,3,3
633,12,12
634,13,13
635,28,28
636,11,11
637,6,6
638,17,17
639,3,3
640,0,0
641,15,15
642,19,19
643,13,13
644,33,33
645,22,22
646,4,4
647,33,33
648,27,27
649,21,21
650,1,1
651,11,11
652,27,27
653,1,1
654,9,9
655,20,20
656,21,21
657,21,21
658,25,25
659,34,34
660,22,22
661,11,11
662,12,12
663,10,10
664,24,24
665,31,31
666,3,3
667,16,16
668,30,30
669,19,19
670,28,28
671,9,9
672,21,21
673,30,30
674,28,28
675,21,21
676,5,5
677,1,1
678,22,22
679,11,11
680,12,12
681,25,25
682,29,29
683,4,4
684,22,22
685,24,24
686,4,4
687,18,18
688,31,31
689,18,18
690,8,8
691,15,15
692,17,17
693,21,21
694,8,8
695,34,34
696,31,31
697,28,28
698,19,19
699,24,24
700,1,1
701,15,15
702,19,19
703,5,5
704,2,2
705,4,4
706,14,14
707,28,28
708,14,14
709,25,25
710,10,10
711,3,3
712,28,28
713,31,22
714,24,24
715,34,34
716,17,17
717,20,20
718,21,21
719,13,13
720,10,10
721,34,34
722,2,2
723,18,18
724,5,5
725,18,18
726,31,31
727,19,19
728,14,14
729,28,28
730,19,19
731,28,28
732,28,28
733,34,34
734,27,27
735,29,29
736,19,19
737,13,13
738,20,20
739,2,2
740,4,4
741,15,15
742,11,11
743,8,8
744,1,1
745,9,9
746,33,33
747,25,25
748,27,27
749,7,7
750,15,15
751,1,1
752,17,17
753,16,16
754,12,12
755,23,23
756,23,23
757,14,14
758,0,0
759,17,17
760,28,28
761,3,3
762,9,9
763,13,13
764,34,34
765,4,4
766,27,27
767,29,29
768,0,0
769,2,2
770,27,27
771,9,9
772,3,3
773,3,3
774,9,9
775,14,14
776,16,16
777,6,6
778,14,14
779,22,22
780,12,12
781,30,30
782,15,15
783,11,11
784,30,30
785,33,33
786,18,18
787,9,9
788,34,34
789,3,3
790,29,29
791,28,28
792,31,31
793,26,26
794,32,32
795,26,26
796,16,16
797,5,5
798,24,24
799,19,19
800,6,6
801,6,6
802,14,14
803,2,2
804,26,26
805,8,8
806,0,0
807,5,5
808,33,33
809,26,26
810,32,32
811,21,21
812,6,6
813,30,30
814,14,14
815,25,25
816,0,0
817,17,17
818,32,32
819,3,3
820,20,20
821,5,5
822,21,21
823,19,19
824,11,11
825,14,14
826,1,1
827,24,24
828,12,12
829,25,25
830,2,2
831,30,30
832,24,24
833,23,23
834,13,13
835,3,3
836,3,3
837,25,25
838,16,16
839,29,29
840,10,10
841,12,12
842,22,22
843,28,28
844,27,27
845,1,1
846,11,11
847,1,1
848,9,9
849,34,34
850,19,19
851,18,18
852,17,17
853,0,0
854,31,31
855,25,25
856,12,12
857,2,2
858,6,6
859,8,8
860,8,8
861,27,27
862,31,31
863,0,0
864,0,0
865,11,11
866,26,26
867,26,26
868,4,4
869,17,17
870,7,7
871,32,32
872,23,23
873,13,13
874,23,23
875,10,10
876,4,4
877,30,30
878,18,18
879,13,13
880,15,15
881,10,10
882,24,24
883,20,20
884,29,29
885,7,7
886,22,22
887,25,25
888,13,13
889,15,15
890,32,32
891,1,1
892,28,28
893,29,29
894,15,15
895,17,17
896,11,11
897,27,27
898,20,20
899,11,11
900,11,11
901,29,29
902,10,10
903,18,18
904,11,11
905,21,21
906,6,6
907,25,25
908,26,26
909,1,1
910,13,13
911,30,30
912,13,13
913,10,10
914,10,10
915,17,17
916,16,16
917,3,3
918,11,11
919,9,9
920,20,20
921,8,8
922,10,10
923,1,1
924,19,19
925,20,20
926,14,14
927,4,4
928,14,14
929,28,28
930,25,25
931,6,6
932,34,34
933,21,21
934,18,18
935,15,15
936,12,12
937,7,7
938,6,6
939,20,20
940,22,22
941,26,26
942,16,16
943,4,4
944,18,18
945,5,5
946,23,23
947,12,12
948,14,14
949,20,20
950,9,9
951,33,33
952,25,25
953,5,5
954,11,11
955,14,14
956,24,24
957,0,0
958,13,13
959,29,29
960,21,21
961,5,5
962,25,25
963,0,0
964,3,3
965,24,24
966,0,0
967,16,16
968,30,30
969,15,15
970,32,32
971,0,0
972,18,18
973,21,21
974,31,31
975,24,24
976,31,31
977,0,0
978,31,31
979,23,23
980,5,5
981,33,33
982,7,7
983,25,25
984,13,13
985,7,7
986,24,24
987,33,33
988,32,32
989,21,21
990,5,5
991,8,8
992,30,30
993,28,28
994,23,23
995,30,30
996,15,15
997,7,7
998,13,13
999,27,27
1000,21,21
1001,17,17
1002,29,29
1003,20,20
1004,8,8
1005,19,19
1006,33,33
1007,5,5
1008,5,5
1009,14,14
1010,30,30
1011,34,34
1012,31,31
1013,20,20
1014,30,30
1015,9,9
1016,20,20
1017,14,14
1018,11,11
1019,30,30
1020,6,6
1021,11,11
1022,5,5
1023,9,9
1024,17,17
1025,15,15
1026,16,16
1027,11,11
1028,7,7
1029,21,21
1030,25,25
1031,1,1
1032,21,21
1033,5,5
1034,34,34
1035,29,29
1036,7,7
1037,25,25
1038,27,27
1039,32,32
1040,32,32
1041,15,15
1042,15,15
1043,16,16
1044,4,4
1045,22,22
1046,9,9
1047,18,18
1048,20,20
1049,17,17
1050,10,10
1051,11,33
1052,8,8
1053,34,34
1054,13,13
1055,2,2
1056,10,10
1057,1,1
1058,24,24
1059,12,12
1060,31,31
1061,4,4
1062,18,18
1063,29,29
1064,33,33
1065,24,24
1066,29,29
1067,34,34
1068,5,5
1069,25,25
1070,20,20
1071,4,4
1072,17,17
1073,0,0
1074,19,19
1075,32,32
1076,22,22
1077,4,4
1078,21,21
1079,6,6
1080,10,10
1081,12,12
1082,19,19
1083,31,31
1084,4,4
1085,14,14
1086,21,21
1087,0,0
1088,25,25
1089,3,3
1090,2,2
1091,25,25
1092,23,23
1093,33,33
1094,25,25
1095,27,27
1096,23,23
1097,22,22
1098,32,32
1099,26,26
1100,10,10
1101,20,20
1102,12,12
1103,10,10
1104,34,34
1105,18,18
1106,22,22
1107,24,24
1108,10,10
1109,6,6
1110,28,28
1111,0,0
1112,24,24
1113,2,2
1114,30,30
1115,25,25
1116,0,0
1117,18,18
1118,13,13
1119,26,26
1120,29,29
1121,28,28
1122,20,20
1123,25,25
1124,13,13
1125,31,31
1126,25,25
1127,13,13
1128,22,22
1129,34,34
1130,0,0
1131,3,3
1132,25,25
1133,24,24
1134,8,8
1135,19,10
1136,15,15
1137,11,11
1138,14,14
1139,15,15
1140,22,22
1141,24,24
1142,14,14
1143,18,18
1144,26,26
1145,33,33
1146,30,30
1147,0,0
1148,20,20
1149,20,20
1150,6,6
1151,34,34
1152,2,2
1153,4,4
1154,24,24
1155,12,12
1156,5,5
1157,24,24
1158,16,16
1159,27,27
1160,13,13
1161,25,25
1162,2,2
1163,1,1
1164,1,1
1165,27,27
1166,11,11
1167,34,34
1168,3,3
1169,6,6
1170,0,0
1171,24,24
1172,12,12
1173,34,34
1174,29,29
1175,31,31
1176,9,9
1177,20,20
1178,26,26
1179,18,18
1180,21,21
1181,12,12
1182,24,24
1183,11,11
1184,4,4
1185,14,14
1186,6,6
1187,18,18
1188,3,3
1189,9,9
1190,1,1
1191,23,23
1192,2,2
1193,30,30
1194,14,14
1195,8,8
1196,23,23
1197,17,17
1198,0,0
1199,10,10
1200,6,6
1201,0,0
1202,8,8
1203,3,3
1204,6,6
1205,17,17
1206,15,15
1207,21,21
1208,10,10
1209,7,7
1210,21,21
1211,16,16
1212,16,16
1213,29,29
1214,19,19
1215,7,7
1216,17,17
1217,0,0
1218,5,5
1219,10,10
1220,22,22
1221,29,29
1222,32,32
1223,16,16
1224,12,12
1225,27,27
1226,2,2
1227,20,20
1228,8,8
1229,10,10
1230,34,34
1231,28,28
1232,26,26
1233,26,26
1234,28,28
1235,6,6
1236,14,14
1237,9,9
1238,34,34
1239,11,11
1240,2,2
1241,0,0
1242,4,4
1243,29,29
1244,32,32
1245,30,30
1246,12,12
1247,10,10
1248,0,0
1249,4,4
1250,33,33
1251,23,6
1252,11,11
1253,25,25
1254,13,13
1255,27,27
1256,33,33
1257,10,10
1258,29,29
1259,2,2
1260,11,11
1261,25,25
1262,16,16
1263,21,21
1264,28,28
1265,21,21
1266,13,13
1267,28,28
1268,32,32
1269,14,14
1270,31,31
1271,17,17
1272,19,19
1273,10,10
1274,27,27
1275,14,14
1276,26,26
1277,7,7
1278,23,23
1279,3,3
1280,29,29
1281,6,6
1282,8,8
1283,34,34
1284,5,5
1285,2,2
1286,7,7
1287,19,19
1288,17,17
1289,10,10
1290,22,22
1291,0,0
1292,9,9
1293,9,9
1294,27,27
1295,20,20
1296,2,2
1297,25,25
1298,33,33
1299,21,21
1300,33,33
1301,17,17
1302,22,22
1303,21,21
1304,19,19
1305,2,2
1306,16,16
1307,32,32
1308,0,0
1309,31,31
1310,14,14
1311,5,5
1312,26,26
1313,8,8
1314,24,24
1315,33,33
1316,11,11
1317,2,2
1318,29,29
1319,11,11
1320,20,20
1321,17,17
1322,13,13
1323,13,13
1324,18,18
1325,4,4
1326,28,28
1327,27,27
1328,31,31
1329,29,29
1330,28,28
1331,22,22
1332,6,6
1333,33,33
1334,24,24
1335,9,9
1336,22,22
1337,26,26
1338,21,21
1339,24,24
1340,13,13
1341,33,33
1342,11,11
1343,30,30
1344,10,10
1345,17,17
1346,9,9
1347,3,3
1348,8,8
1349,16,16
1350,7,7
1351,18,18
1352,34,34
1353,34,34
1354,30,30
1355,0,0
1356,34,34
1357,6,6
1358,7,7
1359,31,31
1360,20,20
1361,13,13
1362,2,2
1363,10,10
1364,6,6
1365,1,1
1366,34,34
1367,24,24
1368,19,19
1369,28,28
1370,16,16
1371,27,27
1372,22,22
1373,5,5
1374,19,19
1375,17,17
1376,30,30
1377,31,31
1378,16,16
1379,1,1
1380,6,6
1381,15,15
1382,18,18
1383,11,11
1384,33,33
1385,25,25
1386,33,33
1387,13,13
1388,9,9
1389,28,28
1390,27,27
1391,25,25
1392,24,24
1393,34,34
1394,28,28
1395,16,16
1396,15,15
1397,28,28
1398,4,4
1399,25,25
1400,5,5
1401,0,0
1402,27,27
1403,2,2
1404,22,22
1405,16,16
1406,21,21
1407,29,29
1408,19,10
1409,31,31
1410,29,29
1411,18,18
1412,26,26
1413,30,30
1414,22,22
1415,17,17
1416,32,32
1417,17,17
1418,6,6
1419,31,31
1420,21,21
1421,17,17
1422,3,3
1423,5,5
1424,2,2
1425,20,20
1426,24,24
1427,1,1
1428,7,7
1429,0,0
1430,28,28
1431,19,19
1432,0,0
1433,29,29
1434,5,5
1435,27,27
1436,8,8
1437,8,8
1438,2,2
1439,25,25
1440,24,24
1441,27,27
1442,20,20
1443,26,26
1444,22,22
1445,21,21
1446,24,24
1447,16,16
1448,10,10
1449,24,24
1450,30,30
1451,33,33
1452,0,0
1453,29,29
1454,32,32
1455,6,6
1456,30,30
1457,34,34
1458,12,12
1459,30,30
1460,34,34
1461,10,10
1462,9,9
1463,20,20
1464,17,17
1465,34,34
1466,21,21
1467,16,16
1468,34,34
1469,18,18
1470,7,7
1471,5,5
1472,18,18
1473,26,26
1474,20,20
1475,0,0
1476,20,20
1477,0,0
1478,33,33
1479,2,2
1480,28,28
1481,29,29
1482,26,26
1483,16,16
1484,4,4
1485,29,29
1486,25,25
1487,30,30
1488,30,30
1489,15,15
1490,29,29
1491,22,22
1492,29,29
1493,9,9
1494,11,11
1495,19,19
1496,28,28
1497,27,27
1498,17,17
1499,20,20
1500,9,9
1501,1,1
1502,13,13
1503,26,26
1504,3,3
1505,1,1
1506,8,8
1507,7,7
1508,28,28
1509,9,9
1510,16,16
1511,21,21
1512,9,9
1513,2,2
1514,2,2
1515,25,25
1516,21,21
1517,29,29
1518,34,34
1519,23,23
1520,3,3
1521,4,4
1522,8,8
1523,25,25
1524,14,14
1525,33,33
1526,22,22
1527,7,7
1528,29,29
1529,29,29
1530,5,5
1531,9,9
1532,26,26
1533,32,32
1534,13,13
1535,26,26
1536,29,29
1537,29,29
1538,30,30
1539,34,34
1540,19,19
1541,20,20
1542,1,1
1543,2,2
1544,20,20
1545,14,14
1546,6,6
1547,28,28
1548,26,26
1549,27,27
1550,14,14
1551,34,34
1552,2,2
1553,11,11
1554,14,14
1555,31,31
1556,18,18
1557,22,22
1558,15,15
1559,4,4
1560,17,17
1561,6,6
1562,21,21
1563,21,21
1564,11,11
1565,18,18
1566,12,12
1567,4,4
1568,31,31
1569,4,4
1570,8,8
1571,29,29
1572,33,33
1573,11,11
1574,23,23
1575,18,18
1576,34,34
1577,12,12
1578,27,27
1579,20,20
1580,28,28
1581,21,21
1582,20,20
1583,3,3
1584,14,14
1585,24,24
1586,18,18
1587,15,15
1588,29,29
1589,22,22
1590,23,23
1591,24,24
1592,34,34
1593,21,21
1594,33,33
1595,15,15
1596,26,26
1597,6,6
1598,23,23
1599,6,6
1600,15,15
1601,28,28
1602,33,33
1603,11,11
1604,4,4
1605,2,2
1606,22,22
1607,7,7
1608,29,29
1609,22,22
1610,13,13
1611,4,4
1612,22,22
1613,26,26
1614,12,12
1615,6,6
1616,24,24
1617,31,31
1618,31,31
1619,25,25
1620,27,27
1621,32,32
1622,6,6
1623,11,11
1624,9,9
1625,28,28
1626,31,31
1627,34,34
1628,23,23
1629,12,12
1630,24,24
1631,0,0
1632,20,20
1633,34,34
1634,34,34
1635,13,13
1636,8,8
1637,22,22
1638,21,21
1639,9,9
1640,16,16
1641,30,30
1642,20,20
1643,17,17
1644,15,15
1645,9,9
1646,16,16
1647,9,9
1648,28,28
1649,11,11
1650,29,29
1651,11,11
1652,13,13
1653,25,25
1654,23,23
1655,28,28
1656,11,11
1657,17,17
1658,22,22
1659,26,26
1660,14,14
1661,23,23
1662,21,21
1663,31,31
1664,27,27
1665,31,31
1666,8,8
1667,31,31
1668,26,26
1669,13,13
1670,0,0
1671,33,33
1672,24,24
1673,4,4
1674,26,26
1675,5,5
1676,13,13
1677,32,32
1678,22,22
1679,31,31
1680,9,9
1681,9,9
1682,24,24
1683,15,15
1684,15,15
1685,17,17
1686,20,20
1687,1,1
1688,3,3
1689,27,27
1690,23,23
1691,17,17
1692,12,12
1693,27,27
1694,28,28
1695,5,5
1696,21,21
1697,3,3
1698,34,34
1699,23,23
1700,29,29
1701,0,0
1702,25,25
1703,12,12
1704,17,17
1705,26,26
1706,5,5
1707,23,23
1708,25,25
1709,18,18
1710,5,5
1711,14,14
1712,5,5
1713,26,26
1714,0,0
1715,32,32
1716,28,28
1717,26,26
1718,7,7
1719,24,24
1720,6,6
1721,27,27
1722,13,13
1723,11,11
1724,10,10
1725,16,16
1726,20,20
1727,28,28
1728,32,32
1729,30,30
1730,22,22
1731,7,7
1732,7,7
1733,34,34
1734,7,7
1735,15,15
1736,29,29
1737,21,21
1738,10,10
1739,12,12
1740,21,21
1741,34,34
1742,34,34
1743,31,31
1744,13,13
1745,31,31
1746,20,20
1747,1,1
1748,27,27
1749,14,14
1750,14,14
1751,5,5
1752,19,19
1753,1,1
1754,17,17
1755,31,31
1756,3,3
1757,23,23
1758,16,16
1759,0,0
1760,12,12
1761,0,0
1762,28,28
1763,31,31
1764,1,1
1765,23,23
1766,26,26
1767,34,34
1768,15,15
1769,26,26
1770,3,3
1771,19,19
1772,0,0
1773,16,16
1774,4,4
1775,2,2
1776,17,17
1777,29,29
1778,23,23
1779,0,0
1780,6,6
1781,3,3
1782,31,31
1783,0,0
1784,9,9
1785,19,19
1786,28,28
1787,22,22
1788,18,18
1789,13,13
1790,15,15
1791,15,15
1792,26,26
1793,32,32
1794,0,0
1795,13,13
1796,21,21
1797,24,24
1798,32,32
1799,25,25
1800,0,0
1801,6,6
1802,2,2
1803,13,13
1804,26,26
1805,5,5
1806,6,6
1807,8,8
1808,28,28
1809,5,5
1810,8,8
1811,29,29
1812,4,4
1813,14,14
1814,24,24
1815,27,27
1816,16,16
1817,13,13
1818,20,20
1819,31,31
1820,24,24
1821,10,10
1822,18,18
1823,2,2
1824,12,12
1825,3,3
1826,27,27
1827,10,10
1828,2,2
1829,13,13
1830,24,24
1831,18,18
1832,1,1
1833,17,17
1834,10,10
1835,6,6
1836,33,33
1837,15,15
1838,7,7
1839,30,30
1840,12,12
1841,8,10
1842,23,23
1843,32,32
1844,30,30
1845,13,13
1846,22,22
1847,12,12
1848,32,32
1849,32,32
1850,2,2
1851,12,12
1852,21,21
1853,10,10
1854,31,31
1855,24,24
1856,18,18
1857,32,32
1858,3,3
1859,30,30
1860,10,10
1861,3,3
1862,27,27
1863,32,32
1864,1,1
1865,0,0
1866,6,6
1867,3,3
1868,33,33
1869,13,13
1870,32,32
1871,17,17
1872,16,16
1873,19,19
1874,25,25
1875,17,17
1876,14,14
1877,30,30
1878,10,10
1879,1,1
1880,5,5
1881,8,8
1882,1,1
1883,33,33
1884,29,29
1885,9,9
1886,15,15
1887,26,26
1888,28,28
1889,19,19
1890,3,3
1891,11,11
1892,5,5
1893,6,6
1894,23,23
1895,30,30
1896,27,27
1897,13,13
1898,15,15
1899,21,21
1900,7,7
1901,16,16
1902,1,1
1903,10,10
1904,10,10
1905,5,5
1906,12,12
1907,12,12
1908,29,29
1909,18,18
1910,5,5
1911,17,17
1912,11,11
1913,24,24
1914,0,0
1915,31,31
1916,18,18
1917,8,8
1918,19,19
1919,0,0
1920,8,8
1921,13,13
1922,5,5
1923,15,15
1924,17,17
1925,22,22
1926,30,30
1927,24,24
1928,11,11
1929,1,1
1930,29,29
1931,0,0
1932,22,22
1933,28,28
1934,5,5
1935,16,16
1936,8,8
1937,26,26
1938,28,28
1939,13,13
1940,13,13
1941,19,10
1942,28,28
1943,14,14
1944,1,1
1945,8,8
1946,34,34
1947,28,28
1948,2,2
1949,15,15
1950,26,26
1951,18,18
1952,21,21
1953,8,8
1954,8,8
1955,10,10
1956,15,15
1957,8,8
1958,33,33
1959,22,22
1960,34,34
1961,30,30
1962,4,4
1963,19,19
1964,22,22
1965,26,26
1966,2,2
1967,29,29
1968,9,9
1969,29,29
1970,34,34
1971,30,30
1972,26,26
1973,13,13
1974,14,14
1975,6,6
1976,33,33
1977,24,24
1978,8,8
1979,27,27
1980,32,32
1981,33,33
1982,27,27
1983,33,33
1984,26,26
1985,11,11
1986,25,25
1987,6,6
1988,20,20
1989,9,9
1990,20,20
1991,23,23
1992,29,29
1993,32,32
1994,5,5
1995,7,7
1996,31,31
1997,32,32
1998,12,12
1999,33,33
2000,15,15
2001,3,3
2002,17,17
2003,32,32
2004,19,19
2005,18,18
2006,11,11
2007,9,9
2008,4,4
2009,25,25
2010,9,9
2011,4,4
2012,7,7
2013,1,1
2014,4,4
2015,16,16
2016,4,4
2017,21,21
2018,29,29
2019,3,3
2020,6,6
2021,4,4
2022,32,32
2023,1,1
2024,3,3
2025,4,4
2026,5,5
2027,18,18
2028,12,12
2029,32,32
2030,17,17
2031,20,20
2032,28,28
2033,27,27
2034,26,26
2035,22,22
2036,4,4
2037,7,7
2038,0,0
2039,16,16
2040,25,25
2041,34,34
2042,34,34
2043,14,14
2044,24,24
2045,15,15
2046,4,4
2047,30,30
2048,20,20
2049,27,27
2050,29,29
2051,27,27
2052,10,32
2053,10,10
2054,1,1
2055,15,15
2056,23,23
2057,27,27
2058,29,29
2059,16,16
2060,10,10
2061,12,12
2062,14,14
2063,31,31
2064,3,3
2065,17,17
2066,12,12
2067,17,17
2068,9,9
2069,13,13
2070,25,25
2071,7,7
2072,26,26
2073,31,31
2074,4,4
2075,22,22
2076,12,12
2077,16,16
2078,22,22
2079,1,1
2080,1,1
2081,27,27
2082,24,24
2083,3,3
2084,11,11
2085,24,24
2086,15,15
2087,17,17
2088,2,2
2089,34,34
2090,28,28
2091,0,0
2092,26,26
2093,9,9
2094,9,9
2095,24,24
2096,17,17
2097,34,34
2098,2,2
2099,13,13
2100,31,31
2101,5,5
2102,34,34
2103,19,19
2104,5,5
2105,23,23
2106,18,18
2107,25,25
2108,7,7
2109,32,32
2110,0,0
2111,14,14
2112,26,26
2113,16,16
2114,11,11
2115,18,18
2116,12,12
2117,23,23
2118,10,10
2119,1,1
2120,13,13
2121,5,5
2122,8,8
2123,19,19
2124,29,29
2125,20,20
2126,12,12
2127,28,28
2128,8,8
2129,25,25
2130,3,3
2131,14,14
2132,34,34
2133,3,3
2134,4,4
2135,6,6
2136,29,29
2137,12,12
2138,28,28
2139,3,3
2140,6,6
2141,18,18
2142,21,21
2143,12,12
2144,12,12
2145,33,33
2146,15,15
2147,4,4
2148,25,25
2149,1,1
2150,6,6
2151,16,16
2152,19,19
2153,8,8
2154,13,13
2155,15,15
2156,8,8
2157,25,25
2158,1,1
2159,21,21
2160,8,8
2161,32,32
2162,11,11
2163,17,17
2164,12,12
2165,22,22
2166,14,14
2167,25,25
2168,7,7
2169,22,22
2170,32,32
2171,24,24
2172,15,15
2173,2,2
2174,18,18
2175,3,3
2176,32,32
2177,28,28
2178,27,27
2179,3,3
2180,23,23
2181,8,8
2182,16,16
2183,33,33
2184,2,2
2185,14,14
2186,5,5
2187,2,2
2188,4,4
2189,6,6
2190,9,9
2191,1,1
2192,4,4
2193,13,13
2194,20,20
2195,5,5
2196,3,3
2197,18,18
2198,28,28
2199,8,8
2200,10,10
2201,26,26
2202,23,23
2203,22,22
2204,5,5
2205,30,30
2206,21,21
2207,13,13
2208,5,5
2209,15,15
2210,19,19
2211,7,7
2212,21,21
2213,8,8
2214,12,12
2215,17,17
2216,29,29
2217,21,21
2218,34,34
2219,5,5
2220,26,26
2221,30,30
2222,0,0
2223,25,25
2224,19,19
2225,0,0
2226,34,34
2227,15,15
2228,27,27
2229,2,2
2230,10,10
2231,25,25
2232,31,31
2233,6,6
2234,29,29
2235,12,12
2236,33,33
2237,26,26
2238,13,13
2239,5,5
2240,24,24
2241,27,27
2242,3,3
2243,31,31
2244,20,20
2245,21,21
2246,19,19
2247,15,15
2248,12,12
2249,17,17
2250,13,13
2251,8,8
2252,17,17
2253,19,19
2254,20,20
2255,10,10
2256,26,26
2257,17,17
2258,22,22
2259,15,15
2260,30,30
2261,22,22
2262,33,33
2263,19,19
2264,21,21
2265,30,30
2266,31,31
2267,19,19
2268,26,26
2269,2,2
2270,13,13
2271,16,16
2272,8,8
2273,15,15
2274,4,4
2275,3,3
2276,28,28
2277,11,11
2278,24,24
2279,19,19
2280,17,17
2281,33,33
2282,3,3
2283,18,18
2284,4,4
2285,6,6
2286,15,15
2287,5,5
2288,24,24
2289,34,34
2290,12,12
2291,13,13
2292,16,16
2293,6,6
2294,17,17
2295,14,14
2296,20,20
2297,25,25
2298,24,24
2299,15,15
2300,20,20
2301,23,23
2302,33,33
2303,2,2
2304,7,7
2305,29,29
2306,28,28
2307,12,12
2308,19,19
2309,7,7
2310,10,10
2311,8,8
2312,20,20
2313,14,14
2314,4,4
2315,3,3
2316,19,19
2317,2,2
2318,0,0
2319,8,8
2320,30,30
2321,21,21
2322,5,5
2323,9,9
2324,5,5
2325,9,9
2326,15,15
2327,29,29
2328,21,21
2329,20,20
2330,9,9
2331,4,4
2332,23,23
2333,22,22
2334,2,2
2335,14,14
2336,27,27
2337,22,22
2338,32,32
2339,10,10
2340,2,2
2341,15,15
2342,14,14
2343,19,19
2344,12,12
2345,33,33
2346,20,20
2347,19,19
2348,18,18
2349,2,2
2350,20,20
2351,33,33
2352,30,30
2353,33,33
2354,9,9
2355,23,23
2356,26,26
2357,19,19
2358,26,26
2359,6,6
2360,17,17
2361,13,13
2362,23,23
2363,24,24
2364,19,19
2365,5,5
2366,30,30
2367,29,29
2368,0,0
2369,14,14
2370,18,18
2371,16,16
2372,0,0
2373,19,19
2374,26,26
2375,4,4
2376,32,32
2377,30,30
2378,0,0
2379,16,16
2380,34,34
2381,28,28
2382,22,22
2383,33,33
2384,32,32
2385,30,30
2386,29,29
2387,8,8
2388,16,16
2389,18,18
2390,6,6
2391,24,24
2392,17,17
2393,11,11
2394,5,5
2395,2,2
2396,8,8
2397,24,24
2398,19,19
2399,25,25
2400,5,5
2401,18,18
2402,25,25
2403,9,9
2404,33,33
2405,12,12
2406,29,29
2407,26,26
2408,2,2
2409,11,11
2410,14,14
2411,23,23
2412,12,12
2413,7,7
2414,23,23
2415,26,26
2416,8,8
2417,5,5
2418,8,8
2419,27,27
2420,22,22
2421,12,12
2422,14,14
2423,18,18
2424,5,5
2425,20,20
2426,21,21
2427,22,22
2428,23,23
2429,0,0
2430,15,15
2431,16,16
2432,22,22
2433,7,7
2434,31,31
2435,16,16
2436,34,34
2437,6,6
2438,17,17
2439,16,16
2440,14,14
2441,31,31
2442,1,1
2443,10,10
2444,15,15
2445,32,32
2446,27,27
2447,1,1
2448,11,11
2449,24,24
2450,9,9
2451,1,1
2452,25,25
2453,10,10
2454,4,4
2455,17,17
2456,6,6
2457,23,6
2458,1,1
2459,8,8
2460,21,21
2461,1,1
2462,11,11
2463,10,10
2464,33,33
2465,14,14
2466,27,27
2467,18,18
2468,29,29
2469,22,22
2470,11,11
2471,11,11
2472,26,26
2473,5,5
2474,15,15
2475,18,18
2476,17,17
2477,14,14
2478,33,33
2479,16,16
2480,18,18
2481,31,31
2482,22,22
2483,29,29
2484,19,19
2485,32,32
2486,22,22
2487,29,29
2488,16,16
2489,11,11
2490,14,14
2491,18,18
2492,26,26
2493,7,7
2494,23,23
2495,11,11
2496,30,30
2497,26,26
2498,31,31
2499,8,8
2500,12,12
2501,5,5
2502,25,25
2503,16,16
2504,1,1
2505,3,3
2506,6,6
2507,20,20
2508,30,30
2509,14,14
2510,14,14
2511,20,20
2512,19,19
2513,31,31
2514,19,19
2515,0,0
2516,9,9
2517,21,21
2518,4,4
2519,33,33
2520,1,1
2521,9,9
2522,15,15
2523,34,34
2524,19,19
2525,8,8
2526,25,25
2527,4,4
2528,20,20
2529,10,10
2530,19,19
2531,27,27
2532,21,21
2533,10,10
2534,12,12
2535,10,10
2536,27,27
2537,25,25
2538,7,7
2539,0,0
2540,12,12
2541,3,3
2542,28,28
2543,7,7
2544,23,23
2545,14,14
2546,24,24
2547,2,2
2548,12,12
2549,10,10
2550,2,2
2551,3,3
2552,11,11
2553,5,5
2554,22,22
2555,19,19
2556,14,14
2557,10,10
2558,34,34
2559,22,22
2560,7,7
2561,15,15
2562,18,18
2563,18,18
2564,23,23
2565,32,32
2566,14,14
2567,14,14
2568,2,2
2569,16,16
2570,3,3
2571,0,0
2572,8,8
2573,12,12
2574,31,31
2575,21,21
2576,21,21
2577,12,12
2578,9,9
2579,33,33
2580,23,23
2581,9,9
2582,19,19
2583,6,6
2584,5,5
2585,15,15
2586,8,8
2587,16,16
2588,5,5
2589,15,15
2590,8,8
2591,12,12
2592,4,4
2593,34,34
2594,23,23
2595,7,7
2596,17,17
2597,18,18
2598,21,21
2599,27,27
2600,34,34
2601,9,9
2602,25,25
2603,34,34
2604,34,34
2605,10,10
2606,21,21
2607,1,1
2608,0,0
2609,14,14
2610,9,9
2611,11,11
2612,22,22
2613,31,31
2614,7,7
2615,27,27
2616,15,15
2617,12,12
2618,2,2
2619,30,30
2620,24,24
2621,32,32
2622,24,24
2623,14,14
2624,0,0
2625,6,6
2626,18,18
2627,26,26
2628,18,18
2629,11,11
2630,18,18
2631,15,15
2632,19,19
2633,28,28
2634,7,7
2635,29,29
2636,11,11
2637,11,11
2638,9,9
2639,11,11
2640,6,6
2641,34,34
2642,14,14
2643,21,21
2644,24,24
2645,18,18
2646,27,27
2647,33,33
2648,32,32
2649,12,12
2650,12,12
2651,21,21
2652,6,6
2653,19,19
2654,13,13
2655,22,22
2656,11,11
2657,29,29
2658,2,2
2659,18,18
2660,11,11
2661,27,27
2662,32,32
2663,14,14
2664,26,26
2665,18,18
2666,6,6
2667,32,32
2668,2,2
2669,28,28
2670,18,18
2671,28,28
2672,32,32
2673,0,0
2674,10,10
2675,9,9
2676,19,19
2677,22,22
2678,18,18
2679,4,4
2680,19,19
2681,7,7
2682,21,21
2683,31,31
2684,11,11
2685,2,2
2686,3,3
2687,2,2
2688,3,3
2689,26,26
2690,2,2
2691,7,7
2692,32,32
2693,31,31
2694,12,12
2695,25,25
2696,21,21
2697,3,3
2698,26,26
2699,23,23
2700,0,0
2701,33,33
2702,30,30
2703,26,26
2704,9,9
2705,13,13
2706,24,24
2707,29,29
2708,16,16
2709,22,22
2710,4,4
2711,24,24
2712,20,20
2713,15,15
2714,11,11
2715,9,9
2716,31,31
2717,17,17
2718,20,20
2719,13,13
2720,19,19
2721,12,12
2722,2,2
2723,30,30
2724,12,12
2725,17,17
2726,9,9
2727,16,16
2728,11,11
2729,25,25
2730,10,10
2731,10,10
2732,6,6
2733,12,12
2734,24,24
2735,15,15
2736,16,16
2737,21,21
2738,16,16
2739,10,10
2740,2,2
2741,8,8
2742,5,5
2743,32,32
2744,32,32
2745,21,21
2746,0,0
2747,16,16
2748,17,17
2749,24,24
2750,33,33
2751,8,8
2752,6,6
2753,16,16
2754,1,1
2755,18,18
2756,4,4
2757,8,8
2758,1,1
2759,8,8
2760,15,15
2761,10,10
2762,24,24
2763,27,27
2764,20,20
2765,1,1
2766,0,0
2767,10,10
2768,30,30
2769,24,24
2770,14,14
2771,23,23
2772,34,34
2773,1,1
2774,0,0
2775,26,26
2776,5,5
2777,29,29
2778,32,32
2779,27,27
2780,6,6
2781,13,13
2782,21,21
2783,33,33
2784,34,34
2785,6,6
2786,23,23
2787,1,1
2788,10,10
2789,31,31
2790,10,10
2791,9,9
2792,34,34
2793,12,12
2794,18,18
2795,34,34
2796,1,1
2797,21,21
2798,9,9
2799,19,19
2800,33,33
2801,33,33
2802,14,14
2803,18,18
2804,24,24
2805,17,17
2806,22,22
2807,22,22
2808,30,30
2809,22,22
2810,3,3
2811,24,24
2812,17,17
2813,17,17
2814,10,10
2815,24,24
2816,34,34
2817,31,31
2818,26,26
2819,8,8
2820,26,26
2821,19,19
2822,26,26
2823,18,18
2824,22,22
2825,1,1
2826,20,20
2827,9,9
2828,30,30
2829,2,2
2830,32,32
2831,19,19
2832,25,25
2833,2,2
2834,31,31
2835,30,30
2836,7,7
2837,28,28
2838,13,13
2839,29,29
2840,24,24
2841,13,13
2842,28,28
2843,28,28
2844,2,2
2845,7,7
2846,19,19
2847,18,18
2848,2,2
2849,14,14
2850,19,19
2851,26,26
2852,21,21
2853,5,5
2854,3,3
2855,9,9
2856,0,0
2857,6,6
2858,7,7
2859,8,8
2860,3,3
2861,3,3
2862,28,28
2863,6,6
2864,19,19
2865,30,30
2866,30,30
2867,10,10
2868,15,15
2869,6,6
2870,8,8
2871,31,31
2872,31,31
2873,13,13
2874,17,17
2875,34,34
2876,32,32
2877,31,31
2878,0,0
2879,6,6
2880,9,9
2881,22,22
2882,1,1
2883,3,3
2884,17,17
2885,19,19
2886,26,26
2887,32,32
2888,8,8
2889,17,17
2890,3,3
2891,4,4
2892,9,9
2893,29,29
2894,27,27
2895,14,14
2896,18,18
2897,3,3
2898,4,4
2899,5,5
2900,18,18
2901,19,19
2902,8,8
2903,11,11
2904,18,18
2905,20,20
2906,20,20
2907,29,29
2908,24,24
2909,26,26
2910,31,31
2911,17,17
2912,12,12
2913,13,13
2914,20,20
2915,18,18
2916,3,3
2917,4,4
2918,13,13
2919,3,3
2920,8,10
2921,27,27
2922,9,9
2923,31,31
2924,4,4
2925,3,3
2926,19,19
2927,11,11
2928,5,5
2929,20,20
2930,22,22
2931,17,17
2932,27,27
2933,17,17
2934,30,30
2935,25,25
2936,13,13
2937,29,29
2938,30,30
2939,23,23
2940,31,31
2941,32,32
2942,22,22
2943,18,18
2944,12,12
2945,19,19
2946,0,0
2947,8,8
2948,11,11
2949,6,6
2950,14,14
2951,19,19
2952,4,4
2953,18,18
2954,24,24
2955,20,20
2956,8,8
2957,11,11
2958,2,2
2959,14,14
2960,22,22
2961,31,31
2962,4,4
2963,3,3
2964,5,5
2965,29,29
2966,34,34
2967,13,13
2968,30,30
2969,16,16
2970,15,15
2971,16,16
2972,23,23
2973,9,9
2974,15,15
2975,23,23
2976,18,18
2977,26,26
2978,22,22
2979,14,14
2980,4,4
2981,21,21
2982,4,4
2983,10,10
2984,13,13
2985,33,33
2986,32,32
2987,31,31
2988,5,5
2989,28,28
2990,21,21
2991,32,32
2992,22,22
2993,24,24
2994,34,34
2995,6,6
2996,33,33
2997,2,2
2998,17,17
2999,29,29
3000,31,31
3001,5,5
3002,8,8
3003,7,7
3004,31,31
3005,14,14
3006,30,30
3007,20,20
3008,24,24
3009,11,11
3010,18,18
3011,6,6
3012,12,12
3013,29,29
3014,13,13
3015,21,21
3016,13,28
3017,15,15
3018,27,27
3019,24,24
3020,8,8
3021,21,21
3022,34,34
3023,24,24
3024,29,29
3025,1,1
3026,33,33
3027,27,27
3028,0,0
3029,28,28
3030,31,31
3031,27,27
3032,24,24
3033,19,10
3034,4,4
3035,18,18
3036,33,33
3037,7,7
3038,4,4
3039,10,10
3040,2,2
3041,10,10
3042,23,23
3043,19,19
3044,25,25
3045,32,32
3046,2,2
3047,29,29
3048,7,7
3049,20,20
3050,21,21
3051,3,3
3052,10,10
3053,32,32
3054,12,12
3055,31,31
3056,26,26
3057,11,11
3058,20,20
3059,8,8
3060,12,12
3061,7,7
3062,6,6
3063,5,5
3064,7,7
3065,10,10
3066,7,7
3067,17,17
3068,20,20
3069,10,10
3070,9,9
3071,19,19
3072,6,6
3073,30,30
3074,0,0
3075,27,27
3076,10,10
3077,26,26
3078,1,1
3079,13,13
3080,4,4
3081,24,24
3082,0,0
3083,0,0
3084,0,0
3085,34,34
3086,12,12
3087,29,29
3088,22,22
3089,25,25
3090,27,27
3091,8,8
3092,26,26
3093,24,24
3094,14,14
3095,4,4
3096,31,31
3097,10,10
3098,31,31
3099,16,16
3100,20,20
3101,7,7
3102,6,6
3103,19,10
3104,7,7
3105,1,1
3106,32,32
3107,19,19
3108,15,15
3109,6,6
3110,30,30
3111,8,8
3112,33,33
3113,3,3
3114,15,15
3115,16,16
3116,8,8
3117,2,2
3118,16,16
3119,14,14
3120,25,25
3121,19,19
3122,31,31
3123,15,15
3124,13,13
3125,16,16
3126,33,33
3127,29,29
3128,6,6
3129,11,11
3130,23,23
3131,23,23
3132,32,32
3133,1,1
3134,24,24
3135,12,12
3136,21,21
3137,6,6
3138,19,19
3139,7,7
3140,0,0
3141,20,20
3142,12,12
3143,32,32
3144,25,25
3145,13,13
3146,19,19
3147,26,26
3148,19,19
3149,19,19
3150,1,1
3151,17,17
3152,6,6
3153,18,18
3154,11,11
3155,25,25
3156,19,19
3157,27,27
3158,33,33
3159,11,11
3160,29,29
3161,30,30
3162,28,28
3163,9,9
3164,30,30
3165,2,2
3166,13,13
3167,7,7
3168,24,24
3169,30,30
3170,17,17
3171,10,10
3172,7,7
3173,28,28
3174,27,27
3175,16,16
3176,18,18
3177,25,25
3178,16,16
3179,9,9
3180,6,6
3181,4,4
3182,7,7
3183,33,33
3184,30,30
3185,12,12
3186,17,17
3187,8,8
3188,4,4
3189,9,9
3190,25,25
3191,0,0
3192,13,13
3193,15,15
3194,23,23
3195,7,7
3196,27,27
3197,3,3
3198,10,10
3199,33,33
3200,23,23
3201,31,31
3202,22,22
3203,14,14
3204,5,5
3205,20,20
3206,2,2
3207,4,4
3208,4,4
3209,7,7
3210,31,31
3211,19,19
3212,13,13
3213,31,31
3214,30,30
3215,21,21
3216,31,31
3217,34,34
3218,34,34
3219,17,17
3220,12,12
3221,12,12
3222,27,27
3223,2,2
3224,12,12
3225,30,30
3226,14,14
3227,1,1
3228,12,12
3229,17,17
3230,18,18
3231,16,16
3232,23,23
3233,25,25
3234,31,31
3235,30,30
3236,28,28
3237,18,18
3238,2,2
3239,32,32
3240,31,31
3241,13,13
3242,26,26
3243,10,10
3244,1,1
3245,5,5
3246,1,1
3247,5,5
3248,14,14
3249,26,26
3250,4,4
3251,24,24
3252,15,15
3253,18,18
3254,30,30
3255,0,0
3256,18,18
3257,13,13
3258,27,27
3259,2,2
3260,22,22
3261,7,7
3262,32,32
3263,20,20
3264,31,31
3265,11,11
3266,6,6
3267,23,23
3268,34,34
3269,7,7
3270,14,14
3271,9,9
3272,24,24
3273,9,9
3274,2,2
3275,13,13
3276,8,8
3277,11,11
3278,6,6
3279,15,15
3280,7,7
3281,6,6
3282,31,31
3283,18,18
3284,28,28
3285,29,29
3286,19,19
3287,13,13
3288,12,12
3289,22,22
3290,27,28
3291,16,16
3292,13,13
3293,30,30
3294,4,4
3295,30,30
3296,7,7
3297,6,6
3298,19,19
3299,5,5
3300,9,9
3301,33,33
3302,9,9
3303,33,33
3304,4,4
3305,13,13
3306,33,33
3307,4,4
3308,13,13
3309,27,27
3310,6,6
3311,27,27
3312,5,5
3313,1,1
3314,17,17
3315,25,25
3316,26,26
3317,12,12
3318,22,22
3319,33,8
3320,16,16
3321,1,1
3322,5,5
3323,15,15
3324,2,2
3325,9,9
3326,14,14
3327,18,18
3328,3,3
3329,28,28
3330,15,15
3331,28,28
3332,4,4
3333,17,17
3334,1,1
3335,3,3
3336,24,24
3337,11,11
3338,17,17
3339,1,1
3340,25,25
3341,18,18
3342,27,27
3343,6,6
3344,25,25
3345,27,27
3346,23,23
3347,6,6
3348,12,12
3349,19,19
3350,9,9
3351,9,9
3352,27,27
3353,27,27
3354,12,12
3355,8,8
3356,12,12
3357,10,10
3358,15,15
3359,9,9
3360,0,0
3361,19,19
3362,8,8
3363,12,12
3364,26,26
3365,23,23
3366,1,1
3367,31,31
3368,10,10
3369,19,19
3370,12,12
3371,21,21
3372,6,6
3373,21,21
3374,2,2
3375,25,25
3376,25,25
3377,1,1
3378,22,22
3379,18,18
3380,15,15
3381,17,17
3382,7,7
3383,23,23
3384,32,32
3385,33,33
3386,15,15
3387,26,26
3388,6,6
3389,26,26
3390,16,16
3391,24,24
3392,28,28
3393,15,15
3394,10,10
3395,31,31
3396,31,31
3397,18,18
3398,34,34
3399,7,7
3400,16,16
3401,9,9
3402,30,30
3403,1,1
3404,14,14
3405,15,15
3406,19,19
3407,12,12
3408,3,3
3409,22,22
3410,0,0
3411,9,9
3412,7,7
3413,24,24
3414,27,27
3415,24,24
3416,24,24
3417,25,25
3418,7,7
3419,10,32
3420,8,8
3421,3,3
3422,15,15
3423,10,10
3424,23,23
3425,8,8
3426,6,6
3427,19,10
3428,3,3
3429,27,27
3430,9,9
3431,26,26
3432,29,29
3433,34,34
3434,7,7
3435,32,32
3436,12,12
3437,21,21
3438,12,12
3439,3,3
3440,20,20
3441,5,5
3442,15,15
3443,2,2
3444,30,30
3445,25,25
3446,0,0
3447,32,32
3448,10,10
3449,10,10
3450,14,14
3451,26,26
3452,2,2
3453,1,1
3454,20,20
3455,1,1
3456,16,16
3457,9,9
3458,26,26
3459,32,32
3460,18,18
3461,19,19
3462,31,31
3463,19,19
3464,4,4
3465,20,20
3466,30,30
3467,0,0
3468,29,29
3469,32,32
3470,7,7
3471,13,13
3472,8,8
3473,17,17
3474,25,25
3475,19,19
3476,34,34
3477,31,31
3478,1,1
3479,34,34
3480,24,24
3481,4,4
3482,20,20
3483,10,10
3484,1,1
3485,16,16
3486,1,1
3487,29,29
3488,28,28
3489,0,0
3490,32,32
3491,18,18
3492,33,33
3493,19,19
3494,23,23
3495,31,31
3496,27,27
3497,5,5
3498,32,32
3499,28,28
3500,1,1
3501,10,10
3502,5,5
3503,10,10
3504,21,21
3505,28,28
3506,16,16
3507,9,9
3508,15,15
3509,33,33
3510,16,16
3511,18,18
3512,30,30
3513,22,22
3514,22,22
3515,29,29
3516,28,28
3517,27,27
3518,30,30
3519,6,6
3520,3,3
3521,12,12
3522,8,8
3523,18,18
3524,28,28
3525,25,25
3526,24,24
3527,29,29
3528,9,9
3529,32,32
3530,26,26
3531,30,30
3532,14,14
3533,30,30
3534,15,15
3535,15,15
3536,29,29
3537,3,3
3538,8,8
3539,32,32
3540,19,19
3541,4,4
3542,0,0
3543,24,24
3544,12,12
3545,16,16
3546,0,0
3547,33,33
3548,30,30
3549,28,28
3550,31,31
3551,18,18
3552,18,18
3553,23,23
3554,4,4
3555,11,11
3556,23,23
3557,0,0
3558,7,7
3559,2,2
3560,5,5
3561,32,32
3562,6,6
3563,31,31
3564,20,20
3565,31,31
3566,5,5
3567,7,7
3568,33,33
3569,1,1
3570,21,21
3571,12,12
3572,14,14
3573,22,22
3574,9,9
3575,22,22
3576,27,27
3577,31,31
3578,32,32
3579,16,16
3580,14,14
3581,2,2
3582,6,6
3583,2,2
3584,23,23
3585,19,19
3586,9,9
3587,3,3
3588,5,5
3589,1,1
3590,27,27
3591,13,13
3592,31,31
3593,11,11
3594,26,26
3595,22,22
3596,1,1
3597,18,18
3598,34,34
3599,7,7
3600,12,12
3601,23,23
3602,13,13
3603,4,4
3604,7,7
3605,10,10
3606,18,18
3607,17,17
3608,2,2
3609,4,4
3610,21,21
3611,16,16
3612,30,30
3613,32,32
3614,28,28
3615,14,14
3616,4,4
3617,3,3
3618,9,9
3619,12,12
3620,28,28
3621,17,17
3622,16,16
3623,3,3
3624,11,11
3625,30,30
3626,23,23
3627,9,9
3628,21,21
3629,3,3
3630,12,12
3631,32,32
3632,24,24
3633,10,10
3634,1,1
3635,2,2
3636,33,33
3637,6,6
3638,2,2
3639,15,15
3640,28,28
3641,0,0
3642,4,4
3643,2,2
3644,30,30
3645,29,29
3646,33,33
3647,22,22
3648,5,5
3649,34,34
3650,2,2
3651,25,25
3652,23,23
3653,27,27
3654,11,11
3655,33,33
3656,23,23
3657,15,15
3658,1,1
3659,24,24
3660,16,16
3661,3,3
3662,23,23
3663,7,7
3664,15,15
3665,28,28
3666,25,25
3667,34,34
3668,19,19
3669,22,22
3670,17,17
3671,34,34
3672,2,2
3673,9,9
3674,21,21
3675,23,23
3676,11,11
3677,23,23
3678,23,23
3679,22,22
3680,34,34
3681,0,0
3682,32,32
3683,2,2
3684,5,5
3685,3,3
3686,14,14
3687,0,0
3688,31,31
3689,34,34
3690,22,22
3691,24,24
3692,26,26
3693,7,7
3694,30,30
3695,3,3
3696,27,27
3697,27,27
3698,7,7
3699,14,14
3700,11,11
3701,23,23
3702,17,17
3703,31,31
3704,23,23
3705,33,33
3706,33,33
3707,4,4
3708,3,3
3709,28,28
3710,9,9
3711,33,33
3712,22,22
3713,17,17
3714,5,5
3715,32,32
3716,13,13
3717,32,32
3718,27,27
3719,11,11
3720,18,18
3721,4,4
3722,14,14
3723,4,4
3724,13,13
3725,24,24
3726,10,10
3727,25,25
3728,10,10
3729,1,1
3730,15,15
3731,9,9
3732,9,9
3733,22,22
3734,20,20
3735,28,28
3736,22,22
3737,10,10
3738,7,7
3739,11,11
3740,25,25
3741,8,8
3742,33,33
3743,0,0
3744,32,32
3745,2,2
3746,5,5
3747,11,11
3748,29,29
3749,9,9
3750,7,7
3751,16,16
3752,30,30
3753,32,32
3754,31,31
3755,4,4
3756,16,16
3757,16,16
3758,23,23
3759,19,19
3760,14,14
3761,7,7
3762,23,23
3763,14,14
3764,20,20
3765,24,24
3766,15,15
3767,22,22
3768,20,20
3769,29,29
3770,16,16
3771,30,30
3772,7,7
3773,11,11
3774,9,9
3775,11,11
3776,17,17
3777,12,12
3778,0,0
3779,27,27
3780,15,15
3781,10,10
3782,13,13
3783,25,25
3784,6,6
3785,1,1
3786,1,1
3787,6,6
3788,31,31
3789,4,4
3790,4,4
3791,3,3
3792,31,31
3793,27,27
3794,17,17
3795,29,29
3796,23,23
3797,20,20
3798,4,4
3799,33,33
3800,25,25
3801,20,20
3802,28,28
3803,13,13
3804,30,30
3805,5,5
3806,34,34
3807,0,0
3808,24,24
3809,1,1
3810,25,25
3811,9,9
3812,31,31
3813,17,17
3814,33,33
3815,29,29
3816,28,28
3817,9,9
3818,16,16
3819,19,19
3820,30,30
3821,14,14
3822,32,32
3823,8,8
3824,10,10
3825,34,34
3826,26,26
3827,10,10
3828,1,1
3829,21,21
3830,24,24
3831,6,6
3832,21,21
3833,16,16
3834,8,8
3835,0,0
3836,23,23
3837,0,0
3838,12,12
3839,21,21
3840,21,21
3841,15,15
3842,11,11
3843,27,27
3844,34,34
3845,22,22
3846,2,2
3847,0,0
3848,11,11
3849,16,16
3850,5,5
3851,17,17
3852,1,1
3853,27,27
3854,18,18
3855,14,14
3856,21,21
3857,26,26
3858,28,28
3859,3,3
3860,33,33
3861,0,0
3862,32,32
3863,30,30
3864,10,10
3865,33,33
3866,24,24
3867,26,26
3868,33,33
3869,19,19
3870,26,26
3871,16,16
3872,34,34
3873,32,32
3874,29,29
3875,5,5
3876,16,16
3877,21,21
3878,29,29
3879,18,18
3880,15,15
3881,24,24
3882,21,21
3883,31,31
3884,20,20
3885,12,12
3886,3,3
3887,30,30
3888,13,13
3889,5,5
3890,34,34
3891,0,0
3892,34,34
3893,34,34
3894,24,24
3895,32,32
3896,16,16
3897,22,22
3898,24,24
3899,24,24
3900,5,5
3901,31,31
3902,23,23
3903,17,17
3904,21,21
3905,23,23
3906,33,33
3907,17,17
3908,11,11
3909,10,10
3910,24,24
3911,20,20
3912,17,17
3913,32,32
3914,29,29
3915,30,30
3916,32,32
3917,16,16
3918,8,8
3919,17,17
3920,23,23
3921,23,23
3922,3,3
3923,4,4
3924,8,8
3925,29,29
3926,28,28
3927,19,19
3928,29,29
3929,20,20
3930,28,28
3931,17,17
3932,31,31
3933,10,10
3934,21,21
3935,34,34
3936,1,1
3937,32,32
3938,10,10
3939,5,5
3940,9,9
3941,17,17
3942,24,24
3943,24,24
3944,7,7
3945,26,26
3946,32,32
3947,15,15
3948,11,11
3949,13,13
3950,17,17
3951,15,15
3952,27,27
3953,31,31
3954,8,8
3955,0,0
3956,31,31
3957,12,12
3958,18,18
3959,17,17
3960,3,3
3961,26,26
3962,1,1
3963,15,15
3964,16,16
3965,11,11
3966,33,33
3967,30,30
3968,9,9
3969,16,16
3970,17,17
3971,6,6
3972,0,0
3973,7,7
3974,14,14
3975,18,18
3976,30,30
3977,1,1
3978,15,15
3979,7,7
3980,13,13
3981,34,34
3982,19,19
3983,9,9
3984,7,7
3985,25,25
3986,31,31
3987,30,30
3988,28,28
3989,34,34
3990,14,14
3991,12,12
3992,11,11
3993,29,29
3994,32,32
3995,20,20
3996,29,29
3997,26,26
3998,17,17
3999,20,20
4000,14,14
4001,21,21
4002,9,9
4003,11,11
4004,9,9
4005,25,25
4006,5,5
4007,13,13
4008,5,5
4009,28,28
4010,16,16
4011,20,20
4012,23,23
4013,8,8
4014,31,31
4015,11,11
4016,25,25
4017,19,19
4018,3,3
4019,1,1
4020,2,2
4021,5,5
4022,26,26
4023,7,7
4024,16,16
4025,2,2
4026,10,10
4027,25,25
4028,15,15
4029,25,25
4030,8,8
4031,8,8
4032,5,5
4033,16,16
4034,15,15
4035,3,3
4036,6,6
4037,19,19
4038,20,20
4039,29,29
4040,14,14
4041,19,19
4042,5,5
4043,30,30
4044,6,6
4045,4,4
4046,34,34
4047,16,16
4048,18,18
4049,1,1
4050,22,22
4051,4,4
4052,29,29
4053,9,9
4054,2,2
4055,27,27
4056,18,18
4057,3,3
4058,10,10
4059,12,12
4060,7,7
4061,25,25
4062,26,26
4063,27,27
4064,23,6
4065,33,33
4066,34,34
4067,25,25
4068,16,16
4069,29,29
4070,19,19
4071,28,28
4072,18,18
4073,30,30
4074,34,34
4075,14,14
4076,11,11
4077,8,8
4078,8,8
4079,21,21
4080,21,21
4081,29,29
4082,10,10
4083,7,7
4084,3,3
4085,9,9
4086,2,2
4087,13,13
4088,16,16
4089,0,0
4090,33,33
4091,23,23
4092,11,11
4093,11,11
4094,22,22
4095,22,22
4096,2,2
4097,33,33
4098,27,27
4099,23,23
4100,27,27
4101,27,27
4102,7,7
4103,25,25
4104,18,18
4105,18,18
4106,29,29
4107,19,10
4108,23,23
4109,14,14
4110,12,12
4111,5,5
4112,30,30
4113,9,9
4114,12,12
4115,2,2
4116,29,29
4117,16,16
4118,7,7
4119,7,7
4120,25,25
4121,3,3
4122,13,13
4123,27,27
4124,30,30
4125,30,30
4126,34,34
4127,10,10
4128,30,30
4129,6,6
4130,26,26
4131,5,5
4132,8,8
4133,1,1
4134,31,31
4135,4,4
4136,24,24
4137,19,19
4138,6,6
4139,28,28
4140,27,27
4141,2,2
4142,28,28
4143,29,29
4144,31,31
4145,0,0
4146,22,22
4147,15,15
4148,27,27
4149,25,25
4150,32,32
4151,17,17
4152,12,12
4153,19,19
4154,23,23
4155,8,8
4156,0,0
4157,1,1
4158,27,27
4159,25,25
4160,28,28
4161,11,11
4162,11,11
4163,17,17
4164,0,0
4165,4,4
4166,22,22
4167,30,30
4168,7,7
4169,6,6
4170,20,20
4171,33,33
4172,20,20
4173,20,20
4174,6,6
4175,2,2
4176,34,34
4177,32,32
4178,3,3
4179,31,31
4180,3,3
4181,5,5
4182,25,25
4183,21,21
4184,28,28
4185,15,15
4186,4,4
4187,14,14
4188,29,29
4189,13,13
4190,11,11
4191,16,16
4192,4,4
4193,33,33
4194,3,3
4195,20,20
4196,23,23
4197,22,22
4198,3,3
4199,28,28
4200,10,10
